timestamp,elapsed_s,cpu_percent,cpu_percent_of_system,rss_mb,mem_percent_of_system
2026-10-03T19:17:14,1.0,0.0,0.0,75.4,0.94
2026-10-03T19:17:15,2.0,7.7,0.96,78.5,0.979
2026-10-03T19:17:16,3.0,3.1,0.39,79.1,0.986
2026-10-03T19:17:17,4.1,3.1,0.39,79.8,0.995
2026-10-03T19:17:18,5.1,3.1,0.39,80.4,1.003
2026-10-03T19:17:19,6.1,1.5,0.19,81.3,1.013
2026-10-03T19:17:20,7.1,6.2,0.78,81.3,1.013
2026-10-03T19:17:21,8.1,12.3,1.54,81.3,1.013
2026-10-03T19:17:22,9.1,1.6,0.2,81.3,1.013
2026-10-03T19:17:23,10.1,0.0,0.0,81.3,1.013
2026-10-03T19:17:24,11.2,10.7,1.34,81.3,1.013
2026-10-03T19:17:25,12.2,6.1,0.76,81.3,1.013
2026-10-03T19:17:26,13.2,1.6,0.2,81.3,1.013
2026-10-03T19:17:27,14.2,4.6,0.57,81.3,1.013
2026-10-03T19:17:28,15.2,0.0,0.0,81.2,1.012
2026-10-03T19:17:29,16.2,3.1,0.39,81.2,1.012
2026-10-03T19:17:30,17.2,1.5,0.19,81.2,1.012
2026-10-03T19:17:31,18.3,1.5,0.19,81.2,1.012
2026-10-03T19:17:32,19.3,6.2,0.78,81.2,1.012
2026-10-03T19:17:33,20.3,9.2,1.15,81.2,1.012
2026-10-03T19:17:34,21.3,7.8,0.97,81.2,1.012
2026-10-03T19:17:35,22.3,3.1,0.39,81.2,1.012
2026-10-03T19:17:36,23.3,7.8,0.97,81.2,1.012
2026-10-03T19:17:37,24.3,0.0,0.0,81.2,1.012
2026-10-03T19:17:39,25.3,1.5,0.19,81.2,1.012
2026-10-03T19:17:40,26.4,3.0,0.38,81.2,1.012
2026-10-03T19:17:41,27.4,0.0,0.0,81.2,1.013
2026-10-03T19:17:42,28.4,1.5,0.19,81.2,1.013
2026-10-03T19:17:43,29.4,1.5,0.19,81.2,1.013
2026-10-03T19:17:44,30.4,4.6,0.57,81.4,1.015
2026-10-03T19:17:45,31.4,0.0,0.0,81.4,1.015
2026-10-03T19:17:46,32.5,6.2,0.78,81.4,1.014
2026-10-03T19:17:47,33.5,4.6,0.57,81.4,1.015
2026-10-03T19:17:48,34.5,0.0,0.0,81.4,1.015
2026-10-03T19:17:49,35.5,7.7,0.96,81.4,1.015
2026-10-03T19:17:50,36.5,9.3,1.16,81.4,1.015
2026-10-03T19:17:51,37.5,7.7,0.96,81.4,1.015
2026-10-03T19:17:52,38.5,3.1,0.39,81.4,1.015
2026-10-03T19:17:53,39.5,7.8,0.97,81.4,1.015
2026-10-03T19:17:54,40.5,3.1,0.39,81.5,1.015
2026-10-03T19:17:55,41.6,3.1,0.39,81.5,1.016
2026-10-03T19:17:56,42.6,0.0,0.0,81.5,1.016
2026-10-03T19:17:57,43.6,4.6,0.57,81.5,1.016
2026-10-03T19:17:58,44.6,7.7,0.96,81.5,1.016
2026-10-03T19:17:59,45.6,1.5,0.19,81.5,1.016
2026-10-03T19:18:00,46.6,4.7,0.59,81.5,1.016
2026-10-03T19:18:01,47.6,3.1,0.39,81.5,1.016
2026-10-03T19:18:02,48.6,9.2,1.15,81.5,1.016
2026-10-03T19:18:03,49.7,7.7,0.96,81.5,1.016
2026-10-03T19:18:04,50.7,3.1,0.39,81.5,1.016
2026-10-03T19:18:05,51.7,1.5,0.19,81.6,1.016
2026-10-03T19:18:06,52.7,0.0,0.0,81.6,1.017
2026-10-03T19:18:07,53.7,4.6,0.57,81.6,1.017
2026-10-03T19:18:08,54.7,10.8,1.35,81.6,1.017
2026-10-03T19:18:09,55.8,9.2,1.15,81.6,1.017
2026-10-03T19:18:10,56.8,13.9,1.74,81.6,1.017
2026-10-03T19:18:11,57.8,0.0,0.0,81.6,1.017
2026-10-03T19:18:12,58.8,1.5,0.19,81.5,1.016
2026-10-03T19:18:13,59.8,0.0,0.0,81.5,1.016
